"event_date","company_code","financing_type","amount_yi","use_type","status"
"2025-12-31","920045.BJ","IPO",24,"研发中心建设","已完成"
"2020-07-27","920185.BJ","IPO",11.1605,"补充流动资金","已完成"
"2026-04-29","920186.BJ","IPO",17.8818,"智能制造基地","已完成"
"2023-07-20","920982.BJ","IPO",15.5751,"补充流动资金","已完成"
"2022-11-18","920808.BJ","IPO",11.0792,"市场渠道建设","已完成"
"2024-03-25","920438.BJ","IPO",8.6144,"市场渠道建设","已完成"
"2025-01-02","920116.BJ","IPO",8.7957,"智能制造基地","已完成"
"2026-04-24","920125.BJ","IPO",10.916,"产业化项目","已完成"
"2025-05-13","920068.BJ","IPO",11.9883,"产业化项目","已完成"
"2026-05-15","920178.BJ","IPO",6.2919,"产业化项目","已完成"
"2023-04-25","920394.BJ","IPO",3.4298,"补充流动资金","已完成"
"2021-08-31","920077.BJ","IPO",10.028,"研发中心建设","已完成"
"2023-11-01","920493.BJ","IPO",6.1739,"智能制造基地","已完成"
"2022-07-18","920725.BJ","IPO",6.2084,"市场渠道建设","已完成"
"2021-02-22","920599.BJ","IPO",6.2471,"市场渠道建设","已完成"
"2025-09-25","920015.BJ","IPO",5.1303,"产业化项目","已完成"
"2020-07-27","920368.BJ","IPO",6.9664,"补充流动资金","已完成"
"2025-03-28","920029.BJ","IPO",8.2906,"产业化项目","已完成"
"2021-08-20","920174.BJ","IPO",8.6649,"市场渠道建设","已完成"
"2026-06-11","920083.BJ","IPO",7.5889,"补充流动资金","已完成"
"2023-07-12","920576.BJ","IPO",3.1966,"研发中心建设","已完成"
"2020-07-27","920640.BJ","IPO",4.0321,"补充流动资金","已完成"
"2020-07-27","920799.BJ","IPO",6.7486,"研发中心建设","已完成"
"2023-11-16","920522.BJ","IPO",6.854,"智能制造基地","已完成"
"2023-04-13","920593.BJ","IPO",6.8535,"市场渠道建设","已完成"
"2026-05-27","920161.BJ","IPO",3.9205,"智能制造基地","已完成"
"2022-03-04","920179.BJ","IPO",4.0781,"研发中心建设","已完成"
"2025-06-26","920037.BJ","IPO",6.3314,"补充流动资金","已完成"
"2026-04-27","920156.BJ","IPO",6.5007,"补充流动资金","已完成"
"2026-06-08","920206.BJ","IPO",3.4936,"智能制造基地","已完成"
"2022-12-15","920571.BJ","IPO",4.221,"产业化项目","已完成"
"2024-11-11","920111.BJ","IPO",5.4199,"智能制造基地","已完成"
"2026-01-30","920119.BJ","IPO",3.0658,"研发中心建设","已完成"
"2020-11-24","920047.BJ","IPO",3.7592,"市场渠道建设","已完成"
"2021-01-11","920509.BJ","IPO",2.6531,"研发中心建设","已完成"
"2022-09-28","920402.BJ","IPO",4.3555,"智能制造基地","已完成"
"2023-03-23","920809.BJ","IPO",2.9465,"市场渠道建设","已完成"
"2026-06-05","920211.BJ","IPO",5.909,"产业化项目","已完成"
"2021-02-09","920239.BJ","IPO",4.175,"市场渠道建设","已完成"
"2025-09-08","920100.BJ","IPO",4.3166,"智能制造基地","已完成"
"2022-06-14","920491.BJ","IPO",4.4273,"研发中心建设","已完成"
"2026-04-10","920181.BJ","IPO",3.7858,"研发中心建设","已完成"
"2024-11-19","920060.BJ","IPO",2.087,"市场渠道建设","已完成"
"2022-10-28","920139.BJ","IPO",4.3545,"补充流动资金","已完成"
"2022-09-27","920971.BJ","IPO",2.3804,"市场渠道建设","已完成"
"2024-10-11","920019.BJ","IPO",4.7058,"补充流动资金","已完成"
"2026-05-07","920200.BJ","IPO",2.0316,"智能制造基地","已完成"
"2026-05-22","920220.BJ","IPO",4.4786,"补充流动资金","已完成"
"2023-09-28","920978.BJ","IPO",2.3285,"产业化项目","已完成"
"2023-04-03","920261.BJ","IPO",4.2276,"智能制造基地","已完成"
"2024-05-30","920002.BJ","IPO",3.8397,"补充流动资金","已完成"
"2026-05-18","920096.BJ","IPO",3.3068,"市场渠道建设","已完成"
"2020-07-27","920946.BJ","IPO",2.4641,"补充流动资金","已完成"
"2026-03-18","920078.BJ","IPO",4.5048,"产业化项目","已完成"
"2020-12-28","920510.BJ","IPO",3.9726,"研发中心建设","已完成"
"2020-07-27","920961.BJ","IPO",2.3719,"智能制造基地","已完成"
"2023-02-17","920249.BJ","IPO",3.8167,"产业化项目","已完成"
"2020-07-27","920418.BJ","IPO",2.0432,"研发中心建设","已完成"
"2026-04-13","920012.BJ","IPO",2.1741,"市场渠道建设","已完成"
"2020-07-27","920819.BJ","IPO",2.6809,"市场渠道建设","已完成"
"2023-05-09","920699.BJ","IPO",1.2035,"市场渠道建设","已完成"
"2024-10-29","920088.BJ","IPO",2.6949,"产业化项目","已完成"
"2025-10-28","920020.BJ","IPO",3.2077,"产业化项目","已完成"
"2025-11-03","920009.BJ","IPO",3.4984,"补充流动资金","已完成"
"2020-11-09","920839.BJ","IPO",2.1152,"产业化项目","已完成"
"2022-12-23","920247.BJ","IPO",3.0401,"智能制造基地","已完成"
"2021-11-15","920981.BJ","IPO",3.2061,"研发中心建设","已完成"
"2022-07-06","920821.BJ","IPO",2.0201,"市场渠道建设","已完成"
"2023-08-23","920953.BJ","IPO",1.394,"研发中心建设","已完成"
"2026-03-20","920028.BJ","IPO",1.7094,"研发中心建设","已完成"
"2026-06-15","920126.BJ","IPO",2.5967,"研发中心建设","已完成"
"2024-01-11","920806.BJ","IPO",2.4138,"智能制造基地","已完成"
"2022-11-17","920339.BJ","IPO",2.0684,"研发中心建设","已完成"
"2021-02-19","920735.BJ","IPO",1.6466,"市场渠道建设","已完成"
"2022-12-20","920879.BJ","IPO",3.0355,"补充流动资金","已完成"
"2023-10-19","920026.BJ","IPO",2.6455,"市场渠道建设","已完成"
"2022-05-24","920533.BJ","IPO",1.1784,"研发中心建设","已完成"
"2025-08-20","920018.BJ","IPO",1.585,"产业化项目","已完成"
"2021-11-24","920720.BJ","IPO",1.2183,"产业化项目","已完成"
"2021-02-25","920225.BJ","IPO",1.4807,"产业化项目","已完成"
"2025-11-21","920091.BJ","IPO",2.063,"研发中心建设","已完成"
"2025-08-14","920101.BJ","IPO",1.7184,"研发中心建设","已完成"
"2023-06-29","920208.BJ","IPO",1.3034,"产业化项目","已完成"
"2023-12-19","920284.BJ","IPO",0.9017,"研发中心建设","已完成"
"2022-09-27","920122.BJ","IPO",2.0225,"产业化项目","已完成"
"2020-07-27","920682.BJ","IPO",1.0883,"补充流动资金","已完成"
"2022-12-23","920190.BJ","IPO",1.5158,"补充流动资金","已完成"
"2021-07-08","920885.BJ","IPO",2.0852,"市场渠道建设","已完成"
"2022-12-22","920526.BJ","IPO",1.9742,"产业化项目","已完成"
"2022-10-13","920046.BJ","IPO",0.9723,"智能制造基地","已完成"
"2025-07-31","920005.BJ","IPO",1.9186,"补充流动资金","已完成"
"2024-09-25","920099.BJ","IPO",2.3474,"产业化项目","已完成"
"2022-12-27","920001.BJ","IPO",1.4375,"研发中心建设","已完成"
"2025-11-18","920160.BJ","IPO",2.2856,"智能制造基地","已完成"
"2020-07-27","920021.BJ","IPO",2.1443,"补充流动资金","已完成"
"2026-03-09","920036.BJ","IPO",2.2087,"市场渠道建设","已完成"
"2024-12-18","920106.BJ","IPO",1.0429,"补充流动资金","已完成"
"2026-01-28","920159.BJ","IPO",0.8368,"研发中心建设","已完成"
"2022-12-21","920505.BJ","IPO",1.0784,"智能制造基地","已完成"
"2022-12-20","920807.BJ","IPO",0.9852,"智能制造基地","已完成"
"2023-11-30","920579.BJ","IPO",0.9084,"智能制造基地","已完成"
"2021-01-08","920344.BJ","IPO",2.3391,"产业化项目","已完成"
"2022-11-18","920357.BJ","IPO",1.3527,"补充流动资金","已完成"
"2022-06-09","920223.BJ","IPO",2.5499,"市场渠道建设","已完成"
"2022-12-28","920227.BJ","IPO",0.9994,"产业化项目","已完成"
"2026-01-16","920086.BJ","IPO",1.0104,"智能制造基地","已完成"
"2021-11-09","920089.BJ","IPO",2.1295,"研发中心建设","已完成"
"2022-11-11","920914.BJ","IPO",1.0598,"市场渠道建设","已完成"
"2020-07-27","920010.BJ","IPO",0.9298,"补充流动资金","已完成"
"2025-11-27","920124.BJ","IPO",2.035,"产业化项目","已完成"
"2022-09-23","920207.BJ","IPO",1.9433,"产业化项目","已完成"
"2022-09-01","920152.BJ","IPO",2.2617,"产业化项目","已完成"
"2026-03-30","920188.BJ","IPO",1.7753,"市场渠道建设","已完成"
"2024-11-29","920128.BJ","IPO",2.2117,"产业化项目","已完成"
"2023-01-19","920252.BJ","IPO",1.0001,"智能制造基地","已完成"
"2025-08-28","920112.BJ","IPO",0.7634,"研发中心建设","已完成"
"2021-10-28","920892.BJ","IPO",2.3591,"产业化项目","已完成"
"2020-07-27","920489.BJ","IPO",2.4536,"产业化项目","已完成"
"2023-06-01","920779.BJ","IPO",2.1655,"产业化项目","已完成"
"2025-12-25","920121.BJ","IPO",1.1525,"市场渠道建设","已完成"
"2020-07-27","920167.BJ","IPO",1.7328,"研发中心建设","已完成"
"2023-04-24","920694.BJ","IPO",0.9417,"研发中心建设","已完成"
"2023-02-21","920273.BJ","IPO",1.1531,"智能制造基地","已完成"
"2023-10-27","920693.BJ","IPO",1.5366,"市场渠道建设","已完成"
"2026-04-08","920011.BJ","IPO",1.1349,"产业化项目","已完成"
"2026-03-31","920055.BJ","IPO",1.1299,"研发中心建设","已完成"
"2026-05-29","920218.BJ","IPO",1.3186,"市场渠道建设","已完成"
"2024-01-18","920403.BJ","IPO",1.8932,"补充流动资金","已完成"
"2023-07-10","920592.BJ","IPO",1.4165,"产业化项目","已完成"
"2023-05-31","920017.BJ","IPO",1.0886,"市场渠道建设","已完成"
"2023-07-17","920751.BJ","IPO",1.5992,"研发中心建设","已完成"
"2023-01-30","920425.BJ","IPO",2.0349,"市场渠道建设","已完成"
"2022-04-15","920169.BJ","IPO",1.6717,"研发中心建设","已完成"
"2022-06-17","920564.BJ","IPO",1.2145,"研发中心建设","已完成"
"2026-03-27","920069.BJ","IPO",2.0393,"产业化项目","已完成"
"2026-01-21","920050.BJ","IPO",0.9879,"市场渠道建设","已完成"
"2026-04-20","920191.BJ","IPO",1.9071,"研发中心建设","已完成"
"2022-12-21","920033.BJ","IPO",1.4733,"研发中心建设","已完成"
"2021-05-27","920726.BJ","IPO",1.9069,"补充流动资金","已完成"
"2021-11-15","920171.BJ","IPO",1.1882,"市场渠道建设","已完成"
"2023-08-16","920748.BJ","IPO",0.7147,"研发中心建设","已完成"
"2021-11-15","920092.BJ","IPO",0.942,"市场渠道建设","已完成"
"2021-06-03","920523.BJ","IPO",1.9787,"补充流动资金","已完成"
"2025-10-10","920080.BJ","IPO",1.0535,"智能制造基地","已完成"
"2026-03-05","920187.BJ","IPO",1.3157,"市场渠道建设","已完成"
"2023-03-15","920663.BJ","IPO",0.7607,"研发中心建设","已完成"
"2025-11-07","920003.BJ","IPO",0.9188,"研发中心建设","已完成"
"2020-07-27","920729.BJ","IPO",1.9181,"研发中心建设","已完成"
"2025-10-16","920158.BJ","IPO",0.641,"研发中心建设","已完成"
"2022-03-21","920689.BJ","IPO",1.3628,"研发中心建设","已完成"
"2022-07-05","920870.BJ","IPO",0.6756,"补充流动资金","已完成"
"2024-12-26","920082.BJ","IPO",0.766,"产业化项目","已完成"
"2021-11-05","920405.BJ","IPO",1.3173,"补充流动资金","已完成"
"2024-12-05","920098.BJ","IPO",1.306,"智能制造基地","已完成"
"2025-08-08","920007.BJ","IPO",0.8626,"补充流动资金","已完成"
"2024-03-08","920706.BJ","IPO",1.3223,"市场渠道建设","已完成"
"2022-07-13","920062.BJ","IPO",1.3213,"补充流动资金","已完成"
"2022-12-07","920087.BJ","IPO",1.225,"补充流动资金","已完成"
"2021-11-03","920924.BJ","IPO",1.4833,"研发中心建设","已完成"
"2025-12-02","920035.BJ","IPO",0.7492,"产业化项目","已完成"
"2026-02-12","920166.BJ","IPO",0.9027,"研发中心建设","已完成"
"2020-11-18","920396.BJ","IPO",0.7327,"研发中心建设","已完成"
"2023-12-21","920061.BJ","IPO",1.9898,"补充流动资金","已完成"
"2023-07-19","920701.BJ","IPO",1.9758,"市场渠道建设","已完成"
"2023-03-30","920792.BJ","IPO",1.8593,"产业化项目","已完成"
"2025-02-06","920108.BJ","IPO",1.7765,"智能制造基地","已完成"
"2026-03-04","920183.BJ","IPO",1.2813,"产业化项目","已完成"
"2022-06-10","920299.BJ","IPO",1.1093,"智能制造基地","已完成"
"2022-10-14","920476.BJ","IPO",1.1669,"市场渠道建设","已完成"
"2022-11-28","920662.BJ","IPO",1.3984,"研发中心建设","已完成"
"2025-08-22","920056.BJ","IPO",1.209,"智能制造基地","已完成"
"2023-06-08","920221.BJ","IPO",1.2401,"研发中心建设","已完成"
"2026-01-22","920076.BJ","IPO",0.8523,"市场渠道建设","已完成"
"2023-05-15","920837.BJ","IPO",1.5852,"产业化项目","已完成"
"2023-09-07","920627.BJ","IPO",1.8603,"智能制造基地","已完成"
"2022-09-02","920790.BJ","IPO",0.8544,"产业化项目","已完成"
"2022-12-01","920199.BJ","IPO",0.7037,"市场渠道建设","已完成"
"2023-12-05","920703.BJ","IPO",1.0309,"产业化项目","已完成"
"2023-04-18","920304.BJ","IPO",1.4083,"补充流动资金","已完成"
"2023-02-28","920770.BJ","IPO",1.8758,"产业化项目","已完成"
"2022-08-08","920985.BJ","IPO",1.1395,"智能制造基地","已完成"
"2023-01-18","920371.BJ","IPO",0.8093,"研发中心建设","已完成"
"2020-07-27","920242.BJ","IPO",1.5579,"市场渠道建设","已完成"
"2023-05-12","920578.BJ","IPO",1.701,"智能制造基地","已完成"
"2026-02-10","920180.BJ","IPO",1.0492,"产业化项目","已完成"
"2023-12-12","920547.BJ","IPO",1.3644,"研发中心建设","已完成"
"2023-05-18","920006.BJ","IPO",1.3147,"补充流动资金","已完成"
"2021-11-15","920932.BJ","IPO",1.2779,"市场渠道建设","已完成"
"2026-04-16","920177.BJ","IPO",1.4122,"研发中心建设","已完成"
"2022-10-31","920753.BJ","IPO",1.5465,"研发中心建设","已完成"
"2020-07-27","920184.BJ","IPO",0.8853,"智能制造基地","已完成"
"2023-08-18","920274.BJ","IPO",1.4536,"研发中心建设","已完成"
"2024-01-05","920690.BJ","IPO",1.3118,"市场渠道建设","已完成"
"2020-12-08","920670.BJ","IPO",1.0912,"智能制造基地","已完成"
"2024-08-29","920008.BJ","IPO",1.7076,"智能制造基地","已完成"
"2022-06-24","920943.BJ","IPO",0.624,"市场渠道建设","已完成"
"2022-11-25","920237.BJ","IPO",0.7848,"市场渠道建设","已完成"
"2023-10-13","920786.BJ","IPO",1.7231,"市场渠道建设","已完成"
"2022-06-02","920271.BJ","IPO",1.3145,"市场渠道建设","已完成"
"2020-12-28","920675.BJ","IPO",1.6954,"市场渠道建设","已完成"
"2023-12-28","920363.BJ","IPO",1.1874,"市场渠道建设","已完成"
"2020-07-27","920415.BJ","IPO",0.6399,"补充流动资金","已完成"
"2021-08-13","920566.BJ","IPO",0.6731,"产业化项目","已完成"
"2022-09-02","920270.BJ","IPO",1.1969,"市场渠道建设","已完成"
"2023-11-02","920130.BJ","IPO",1.2607,"市场渠道建设","已完成"
"2022-01-18","920204.BJ","IPO",1.1143,"研发中心建设","已完成"
"2022-02-23","920346.BJ","IPO",0.8761,"智能制造基地","已完成"
"2023-03-10","920541.BJ","IPO",1.364,"补充流动资金","已完成"
"2022-11-29","920374.BJ","IPO",0.6083,"研发中心建设","已完成"
"2023-04-19","920896.BJ","IPO",1.645,"智能制造基地","已完成"
"2023-09-26","920665.BJ","IPO",1.3242,"产业化项目","已完成"
"2024-02-02","920656.BJ","IPO",1.3313,"产业化项目","已完成"
"2024-10-31","920066.BJ","IPO",0.5344,"研发中心建设","已完成"
"2023-09-01","920976.BJ","IPO",1.345,"补充流动资金","已完成"
"2025-09-19","920022.BJ","IPO",1.0588,"市场渠道建设","已完成"
"2022-07-12","920639.BJ","IPO",0.989,"市场渠道建设","已完成"
"2023-11-23","920570.BJ","IPO",0.7474,"产业化项目","已完成"
"2026-02-26","920168.BJ","IPO",0.9146,"研发中心建设","已完成"
"2020-07-27","920475.BJ","IPO",0.7703,"补充流动资金","已完成"
"2021-11-15","920454.BJ","IPO",1.493,"产业化项目","已完成"
"2020-07-27","920163.BJ","IPO",0.6934,"补充流动资金","已完成"
"2022-12-30","920195.BJ","IPO",0.8813,"市场渠道建设","已完成"
"2022-11-24","920634.BJ","IPO",0.5036,"智能制造基地","已完成"
"2022-12-30","920392.BJ","IPO",0.9341,"智能制造基地","已完成"
"2023-06-27","920651.BJ","IPO",0.7045,"补充流动资金","已完成"
"2022-12-15","920429.BJ","IPO",1.4364,"补充流动资金","已完成"
"2021-01-12","920826.BJ","IPO",1.0641,"市场渠道建设","已完成"
"2021-08-18","920039.BJ","IPO",1.0911,"智能制造基地","已完成"
"2023-03-17","920556.BJ","IPO",1.0437,"智能制造基地","已完成"
"2021-08-16","920642.BJ","IPO",0.8439,"智能制造基地","已完成"
"2023-08-10","920058.BJ","IPO",1.2489,"智能制造基地","已完成"
"2022-10-18","920992.BJ","IPO",0.7281,"市场渠道建设","已完成"
"2023-02-22","920906.BJ","IPO",1.172,"研发中心建设","已完成"
"2022-12-08","920942.BJ","IPO",0.9066,"智能制造基地","已完成"
"2020-07-27","920964.BJ","IPO",0.6649,"研发中心建设","已完成"
"2022-09-01","920395.BJ","IPO",0.9136,"研发中心建设","已完成"
"2025-06-10","920027.BJ","IPO",1.0161,"智能制造基地","已完成"
"2023-02-16","920407.BJ","IPO",1.4384,"智能制造基地","已完成"
"2020-07-27","920198.BJ","IPO",0.8913,"补充流动资金","已完成"
"2022-11-09","920876.BJ","IPO",1.1974,"智能制造基地","已完成"
"2023-12-14","920375.BJ","IPO",0.4246,"市场渠道建设","已完成"
"2020-07-27","920263.BJ","IPO",1.0725,"补充流动资金","已完成"
"2023-03-15","920575.BJ","IPO",0.5264,"智能制造基地","已完成"
"2021-11-15","920873.BJ","IPO",1.0982,"市场渠道建设","已完成"
"2021-06-28","920768.BJ","IPO",1.1123,"智能制造基地","已完成"
"2022-06-20","920378.BJ","IPO",0.9176,"市场渠道建设","已完成"
"2020-07-27","920433.BJ","IPO",0.9075,"补充流动资金","已完成"
"2022-12-29","920351.BJ","IPO",1.182,"智能制造基地","已完成"
"2023-11-08","920833.BJ","IPO",1.259,"市场渠道建设","已完成"
"2022-12-02","920641.BJ","IPO",1.0985,"补充流动资金","已完成"
"2021-10-25","920925.BJ","IPO",0.5829,"研发中心建设","已完成"
"2021-02-05","920427.BJ","IPO",0.6831,"补充流动资金","已完成"
"2022-08-22","920834.BJ","IPO",0.6642,"智能制造基地","已完成"
"2024-01-26","920496.BJ","IPO",1.1606,"补充流动资金","已完成"
"2020-12-23","920000.BJ","IPO",0.8269,"智能制造基地","已完成"
"2023-06-30","920175.BJ","IPO",1.1659,"市场渠道建设","已完成"
"2024-03-29","920123.BJ","IPO",0.6709,"研发中心建设","已完成"
"2022-02-28","920857.BJ","IPO",0.9112,"研发中心建设","已完成"
"2022-12-09","920866.BJ","IPO",0.9574,"市场渠道建设","已完成"
"2023-03-08","920974.BJ","IPO",0.3897,"补充流动资金","已完成"
"2022-12-30","920262.BJ","IPO",1.1306,"补充流动资金","已完成"
"2023-06-21","920455.BJ","IPO",0.5459,"产业化项目","已完成"
"2021-11-15","920436.BJ","IPO",1.2519,"研发中心建设","已完成"
"2022-12-14","920075.BJ","IPO",0.4185,"补充流动资金","已完成"
"2021-06-08","920212.BJ","IPO",0.6127,"智能制造基地","已完成"
"2020-07-27","920278.BJ","IPO",0.6736,"市场渠道建设","已完成"
"2022-12-13","920014.BJ","IPO",0.9441,"产业化项目","已完成"
"2023-02-09","920367.BJ","IPO",1.2201,"研发中心建设","已完成"
"2021-07-05","920765.BJ","IPO",0.9479,"研发中心建设","已完成"
"2022-05-13","920580.BJ","IPO",0.5235,"市场渠道建设","已完成"
"2022-12-06","920110.BJ","IPO",0.7436,"研发中心建设","已完成"
"2022-03-11","920419.BJ","IPO",0.9092,"研发中心建设","已完成"
"2020-07-27","920445.BJ","IPO",0.9858,"研发中心建设","已完成"
"2024-09-13","920016.BJ","IPO",1.1325,"研发中心建设","已完成"
"2022-10-10","920685.BJ","IPO",1.1165,"市场渠道建设","已完成"
"2022-12-09","920230.BJ","IPO",0.7498,"智能制造基地","已完成"
"2022-07-22","920871.BJ","IPO",0.4146,"智能制造基地","已完成"
"2023-05-25","920471.BJ","IPO",1.0593,"智能制造基地","已完成"
"2021-08-06","920553.BJ","IPO",0.8775,"研发中心建设","已完成"
"2022-12-14","920957.BJ","IPO",0.4617,"产业化项目","已完成"
"2022-01-06","920245.BJ","IPO",1.0382,"智能制造基地","已完成"
"2023-01-11","920950.BJ","IPO",0.6243,"产业化项目","已完成"
"2024-08-22","920118.BJ","IPO",1.1006,"市场渠道建设","已完成"
"2023-08-08","920926.BJ","IPO",0.6745,"市场渠道建设","已完成"
"2023-02-23","920478.BJ","IPO",0.9788,"市场渠道建设","已完成"
"2023-09-18","920469.BJ","IPO",0.3499,"补充流动资金","已完成"
"2022-12-29","920855.BJ","IPO",0.5318,"智能制造基地","已完成"
"2023-02-06","920802.BJ","IPO",0.3537,"产业化项目","已完成"
"2024-04-08","920931.BJ","IPO",0.8768,"研发中心建设","已完成"
"2023-05-26","920719.BJ","IPO",0.4093,"研发中心建设","已完成"
"2022-12-22","920718.BJ","IPO",0.6324,"研发中心建设","已完成"
"2020-07-27","920508.BJ","IPO",0.4865,"研发中心建设","已完成"
"2022-12-26","920781.BJ","IPO",0.9777,"产业化项目","已完成"
"2021-01-25","920275.BJ","IPO",0.8841,"产业化项目","已完成"
"2022-12-07","920300.BJ","IPO",0.3695,"智能制造基地","已完成"
"2023-03-14","920057.BJ","IPO",1.0604,"补充流动资金","已完成"
"2023-11-16","920132.BJ","IPO",0.9461,"智能制造基地","已完成"
"2021-02-23","920832.BJ","IPO",0.4109,"市场渠道建设","已完成"
"2023-11-10","920679.BJ","IPO",0.572,"智能制造基地","已完成"
"2020-12-25","920856.BJ","IPO",0.7396,"产业化项目","已完成"
"2023-09-15","920519.BJ","IPO",0.316,"产业化项目","已完成"
"2022-12-16","920608.BJ","IPO",0.8618,"市场渠道建设","已完成"
"2020-07-27","920266.BJ","IPO",0.6238,"补充流动资金","已完成"
"2020-11-27","920030.BJ","IPO",0.6519,"市场渠道建设","已完成"
"2023-03-01","920422.BJ","IPO",0.667,"研发中心建设","已完成"
"2023-07-03","920717.BJ","IPO",0.3202,"智能制造基地","已完成"
"2022-10-27","920527.BJ","IPO",0.8126,"产业化项目","已完成"
"2020-07-27","920370.BJ","IPO",0.3206,"补充流动资金","已完成"
"2022-12-16","920810.BJ","IPO",0.5025,"产业化项目","已完成"
"2021-11-15","920260.BJ","IPO",0.5857,"市场渠道建设","已完成"
"2021-11-15","920145.BJ","IPO",0.5167,"市场渠道建设","已完成"
"2023-08-17","920504.BJ","IPO",0.4524,"研发中心建设","已完成"
"2022-05-27","920267.BJ","IPO",0.5669,"市场渠道建设","已完成"
"2022-12-12","920414.BJ","IPO",0.8233,"智能制造基地","已完成"
"2021-07-20","920146.BJ","IPO",0.5112,"市场渠道建设","已完成"
"2023-04-06","920895.BJ","IPO",0.8265,"研发中心建设","已完成"
"2021-08-09","920090.BJ","IPO",0.4931,"智能制造基地","已完成"
"2023-02-02","920023.BJ","IPO",0.493,"补充流动资金","已完成"
"2020-07-27","920149.BJ","IPO",0.5325,"产业化项目","已完成"
"2022-05-18","920970.BJ","IPO",0.4162,"补充流动资金","已完成"
"2021-08-26","920305.BJ","IPO",0.4723,"智能制造基地","已完成"
"2025-02-02","920981.BJ","定向增发",2.3848,"补充流动资金","已完成"
"2025-09-26","920199.BJ","定向增发",1.2098,"补充流动资金","已完成"
"2026-06-19","920022.BJ","定向增发",0.568,"补充流动资金","已完成"
"2024-01-15","920418.BJ","定向增发",1.797,"产业化项目","已完成"
"2023-08-14","920871.BJ","公开发行",0.341,"补充流动资金","已完成"
"2025-07-09","920679.BJ","可转债",0.4398,"市场渠道建设","已完成"
"2023-10-18","920662.BJ","可转债",0.6828,"补充流动资金","推进中"
"2026-01-16","920221.BJ","定向增发",0.551,"智能制造基地","推进中"
"2021-08-02","920961.BJ","公开发行",1.9315,"补充流动资金","已完成"
"2026-06-19","920363.BJ","定向增发",0.636,"智能制造基地","已完成"
"2024-05-17","920396.BJ","可转债",1.2017,"市场渠道建设","已完成"
"2026-06-19","920931.BJ","定向增发",0.652,"市场渠道建设","已完成"
"2024-03-01","920663.BJ","公开发行",0.6121,"补充流动资金","已完成"
"2025-01-04","920779.BJ","可转债",0.8177,"智能制造基地","已完成"
"2026-06-19","920007.BJ","定向增发",1.2733,"研发中心建设","已完成"
"2025-09-01","920429.BJ","定向增发",0.9151,"研发中心建设","推进中"
"2025-01-01","920274.BJ","定向增发",0.5239,"智能制造基地","已完成"
"2024-04-09","920970.BJ","公开发行",0.2958,"补充流动资金","已完成"
"2023-02-27","920475.BJ","定向增发",0.6132,"市场渠道建设","已完成"
"2023-05-05","920242.BJ","定向增发",1.0197,"研发中心建设","已完成"
"2026-06-19","920183.BJ","定向增发",1.1852,"研发中心建设","已完成"
"2024-04-06","920726.BJ","可转债",1.2109,"产业化项目","已完成"
"2026-03-16","920906.BJ","定向增发",0.4937,"产业化项目","已完成"
"2025-08-24","920392.BJ","公开发行",0.3976,"市场渠道建设","推进中"
"2024-07-30","920504.BJ","可转债",0.2,"市场渠道建设","已完成"
"2026-06-19","920651.BJ","定向增发",0.7567,"研发中心建设","已完成"
"2026-05-06","920570.BJ","定向增发",0.5225,"智能制造基地","已完成"
"2021-10-06","920344.BJ","定向增发",1.8642,"智能制造基地","已完成"
"2026-06-19","920976.BJ","可转债",0.8773,"智能制造基地","推进中"
"2026-06-19","920080.BJ","公开发行",1.5847,"智能制造基地","推进中"
"2026-06-19","920026.BJ","定向增发",2.0252,"研发中心建设","已完成"
"2026-06-19","920690.BJ","可转债",0.985,"市场渠道建设","推进中"
"2026-06-19","920693.BJ","定向增发",0.9097,"智能制造基地","已完成"
"2026-04-02","920870.BJ","可转债",0.7378,"补充流动资金","已完成"
"2026-06-19","920262.BJ","可转债",0.5934,"产业化项目","已完成"
"2024-09-07","920768.BJ","可转债",0.3959,"智能制造基地","已完成"
"2024-10-09","920522.BJ","定向增发",2.9338,"市场渠道建设","推进中"
"2021-12-11","920263.BJ","定向增发",0.8136,"智能制造基地","已完成"
"2024-06-03","920260.BJ","公开发行",0.3872,"补充流动资金","已完成"
"2025-10-13","920270.BJ","公开发行",0.8003,"研发中心建设","推进中"
"2022-07-25","920856.BJ","定向增发",0.5688,"市场渠道建设","已完成"
"2025-10-29","920299.BJ","公开发行",0.4863,"市场渠道建设","已完成"
"2025-06-07","920110.BJ","公开发行",0.5553,"研发中心建设","已完成"
"2024-02-13","920146.BJ","定向增发",0.2253,"补充流动资金","已完成"
"2026-05-07","920978.BJ","定向增发",2.2702,"产业化项目","已完成"
"2026-06-19","920896.BJ","定向增发",0.5353,"产业化项目","已完成"
"2022-04-19","920509.BJ","定向增发",3.6957,"产业化项目","已完成"
"2023-12-20","920914.BJ","可转债",1.8698,"智能制造基地","已完成"
"2026-06-19","920078.BJ","公开发行",2.6339,"市场渠道建设","已完成"
"2025-12-09","920505.BJ","公开发行",0.8689,"智能制造基地","已完成"
"2024-11-01","920014.BJ","公开发行",0.9089,"市场渠道建设","推进中"
"2026-06-19","920177.BJ","定向增发",0.9542,"市场渠道建设","已完成"
"2024-01-10","920087.BJ","定向增发",0.846,"研发中心建设","已完成"
"2024-06-05","920832.BJ","定向增发",0.7189,"补充流动资金","已完成"
"2026-06-19","920188.BJ","定向增发",1.3787,"产业化项目","推进中"
"2022-05-09","920185.BJ","定向增发",18,"智能制造基地","已完成"
"2025-11-01","920879.BJ","定向增发",1.7165,"市场渠道建设","推进中"
"2026-06-19","920086.BJ","可转债",0.9968,"研发中心建设","已完成"
